{
  "project_info": {
    "project_number": "97698342125",
    "project_id": "application-8dcac",
    "storage_bucket": "application-8dcac.appspot.com"
  },
  "client": [
    {
      "client_info": {
        "mobilesdk_app_id": "1:97698342125:android:130034beae6204bd1298e4",
        "android_client_info": {
          "package_name": "com.example.application"
        }
      },
      "oauth_client": [],
      "api_key": [
        {
          "current_key": "AIzaSyBi3mDTExU7BP5oetqu2E92LLo51lRDALU"
        }
      ],
      "services": {
        "appinvite_service": {
          "other_platform_oauth_client": []
        }
      }
    }
  ],
  "configuration_version": "1"
}