{
  "project_info": {
    "project_number": "556216123158",
    "project_id": "application-6c968",
    "storage_bucket": "application-6c968.appspot.com"
  },
  "client": [
    {
      "client_info": {
        "mobilesdk_app_id": "1:556216123158:android:bc09c09cbc4a99e9301a37",
        "android_client_info": {
          "package_name": "com.example.application"
        }
      },
      "oauth_client": [],
      "api_key": [
        {
          "current_key": "AIzaSyBwGYgS8XCKjlE0GAt9XFyLwFsbXlEUE0E"
        }
      ],
      "services": {
        "appinvite_service": {
          "other_platform_oauth_client": []
        }
      }
    }
  ],
  "configuration_version": "1"
}